{"Type":"FNN","Layers":[40,20,4],"Ind":[[[-50.018115264948634,-78.12391168177922,134.00405447133252,-56.37288101884253,9.128618088407878,-32.945483596328586,92.67843222068608,147.26676630990042,185.76760600305008,-28.11179883519197,-100.96957240025122,-112.44261469130984,93.5695263550075,-142.63858841232943,-182.0816458698408,-74.79084494142548,156.20123817458457,-85.80524375295849,1.284947413312043,52.24861735062056,125.67204345601905,-10.964182997030946,84.47877138720924,152.17711003126465,78.9618372282193,70.75331420574943,27.83065337178172,-176.9713397393889,29.04439543124271,75.14853206315419,18.623858223121356,7.283936121544299,-95.42438077919068,-141.08644481425787,-122.82494774998898,-80.59148450949306,60.44967714531006,-151.31721291292877,-110.6519699753904,63.506440212971384,-175.82734480582326],[142.95229326461666,-105.41121576035462,-11.284064539160088,-11.385565487286842,-159.16007360012068,-165.4156981202439,-41.36213127890225,-168.04543947470174,21.173312878190398,4.810811638936308,39.1559441895625,-38.494815715620476,-125.1360252203897,78.3311915948798,174.71108843617432,27.27790701851798,-148.92730887815281,182.2132255094679,-50.12718442081383,-54.97192808304159,120.63801051004921,94.30090157074686,-68.38718495400818,-16.52237629347475,164.81974342933262,173.6614250528834,-101.25094258136379,-5.009666029084281,-152.86094568643486,-14.061690097857626,156.4520011502832,52.45727476315567,-179.49813333376426,62.52958539491451,-141.17615685097297,-110.97020485897403,66.80785650860787,43.861425808659774,84.4118805563299,-86.50770212272849,47.194170576013846],[100.7201913533625,26.44509193933584,-109.9978529199627,107.62752395003253,165.14269089336864,94.90777223445926,-32.64317808215578,-27.111963136568118,-15.223493175379906,117.89995395039709,49.257349056345,173.79902607536738,141.36527113421153,81.23672451150759,82.64429485320348,100.9065907962186,34.50603749617791,-78.09021761867092,184.2805074326864,87.13253889807766,-10.634333734548296,-53.949494966809766,11.438604573442479,-29.634373633837075,18.49261131736033,-168.92610580947093,-183.73937129976875,35.09606045423092,-142.61843198959238,-127.82959781282376,102.19993285686128,26.818110321960642,-88.40968286264975,-192.59419960015194,-108.29144644447116,152.65336976009385,16.993867397631448,190.0648445041334,129.2299281021839,-8.438428030906087,72.59526666543681],[-57.50072294412711,-89.92955517580572,40.68968563848201,157.37844847098333,81.73534047429798,-51.17094303824763,-141.59243634509457,109.89149158252354,-34.24529808035557,-144.09905652704055,169.32431487222777,-78.40006446608834,155.90999668838853,66.02108475890533,-3.908435756401696,20.105464652543947,49.65456709780716,76.71967526412496,-188.27483334514238,192.93356636861128,-190.69523842178077,136.45000902746287,142.95073245566377,-50.24449451442996,104.29280167786108,-111.07639179873543,-40.15364373239234,42.99068850810346,-139.3034106771162,-86.35579351544452,105.80950546499226,156.29535448034275,146.7704753145825,-127.45859508406599,185.77762189719343,187.79731648658827,10.411708596192604,-104.6532571161958,25.74095068120257,-64.27476289191065,-165.51575094286554],[-174.75284723428712,-159.67148530932354,-135.16281989146648,-73.99047962194014,33.21758339805503,174.2654078405916,68.27056148455593,86.97580635868589,152.2616234017415,93.34329326663084,49.65593828796679,94.17048364797766,-114.94175890497922,-39.93130871192954,109.59516150002221,-103.35229291183899,160.0931857281235,-50.3564817551051,-133.53368057232356,-140.8407056939646,-101.29265112157063,105.94587864718044,184.22267419869704,-100.86088915748837,-17.330003196680188,-58.35364960004976,-198.30300456606875,-7.814455102232554,78.5968890111929,163.4197104393238,41.492435447927754,78.67887554473003,97.02756566014301,-41.436711026824604,42.24651573182242,-87.30578003728482,63.28712218269583,39.96504754087837,100.87504002468015,-79.15137115032265,-100.09249264063278],[-100.96495372833495,-117.42574015888853,-158.6007794003476,93.35848768488071,180.02369143583428,-48.58335076094331,83.1442237195406,39.168451547039275,21.93581309701336,-177.88676853681838,-169.56656979579506,-0.892521186394224,-81.34755140750877,-52.89399524463532,-74.65334187560921,87.22030188267023,-50.07010749765411,-4.1046070647071,-24.5917870271702,5.7637190392053395,-22.439599389130006,-111.01157411519783,26.877727912334628,105.16870129631934,-131.89995011405662,146.38349127481592,94.7821690228972,70.00668779320284,95.86830003323294,5.469313279868704,-182.82886288544896,54.70467621400918,8.546041612521593,-184.3682322652231,-188.5843283259064,-103.79577432613209,6.222436450882052,26.738786311502682,37.17427440386323,-20.264801886505346,162.6173183237868],[-3.367567216966094,168.10406907596507,60.717866655029205,-126.01787880409037,9.534942044358274,-186.39709430338232,102.85315517445576,149.40991678005767,65.84791106701329,-193.31827750757168,14.560409111781725,18.240196179076307,74.39118421919942,-175.96273185858726,65.21640473048134,-42.40214253425103,98.09279489759905,-59.67973711821143,-23.740568455348644,-84.0323067726211,-15.068947415273293,-52.36896325567286,-76.32554925936374,58.35287676606464,142.99969700982965,-93.42941419898365,-81.11371434966247,-148.34134586074015,-157.42591687442396,-147.63585855123702,-35.21869895897356,47.29599554721236,-77.58840040188619,-130.73794571299143,53.580588676493065,-152.11513880537362,178.12288104919185,42.23867672018953,-45.813834615203206,-76.21310787047453,-188.63943221536167],[-182.2746761191703,-183.73224814434917,-51.95110235249163,-116.59122283235416,177.9636313428325,-176.27162033016694,-66.03569476964944,282.96489132065926,72.25604561250466,119.46612479772925,-183.38924081480064,171.56582645435688,5.95117126792073,-20.996447294405595,-51.11115474828702,38.64209915843784,-123.05839299341322,88.26578134430383,161.2363790138942,-79.37079023906983,-78.49850036481816,-192.71480120770167,-1.644098293268259,-3.3643540903655955,158.90417893055084,90.11999656635714,49.75480180045948,157.08272084718632,-112.70931089023915,-10.22590801965302,129.0060071013019,-97.58822894876822,115.63883317143996,-179.4469445335809,-176.2697216325516,19.263028857101983,-192.400600796063,42.547718228582724,-176.0164668797214,-64.7165496509426,69.27935677399533],[-185.2177839328396,-11.599804996160934,23.018109135632805,27.530832595560284,76.9389563685865,144.5854823514972,69.92798403046514,-128.227917820045,-113.93417058973964,184.79004632308263,33.59102818700266,6.957462628824176,-181.11173137061672,16.230115998208294,19.259919909036014,84.59023865239455,-96.50381965456896,122.81805043625221,172.8584077909161,79.47269205280082,-62.39235688507152,-112.07748072007253,129.43496659638748,142.1920639002038,55.391838480022535,-58.22709987225239,66.26251114736661,88.30141193434015,-98.66090274493473,-6.162449550830318,-97.45071515445458,99.67466042074062,22.094523877406623,-118.69101436356127,142.450685986651,-198.85200123336406,65.53061800417623,36.43879697434396,-115.08011287810159,-190.60187749752325,-100.69220732209064],[39.994482654161075,-9.83821570816108,71.70717772647217,-109.63222736911659,112.01463157329017,-37.2769024854741,6.287556611031375,-78.96705598191383,97.91413022283324,11.055045811034114,-132.79197053753396,56.56828541570738,114.22830223325242,-181.32607432939514,103.83074440767501,168.65836894902944,-136.16251133186034,3.7695812881202606,-33.175466030657574,107.40724417947534,39.33919400145567,-114.7909015371297,197.33970088101475,-66.68361655606394,-144.40761715042183,118.26631444440974,-181.75201239498745,-140.92977749048902,88.4390750709103,-73.5318797595576,-95.59750958438941,58.47767464540525,-183.2927294252356,-107.82631955478605,151.18883174156306,149.78951753668736,-176.33567815156877,-117.82445039808745,-109.78054322288776,106.41823780328325,-31.221838181211293],[200.0705869435897,101.95828182151389,36.64719474807169,-30.63750190185508,178.08107992529463,55.451986295459534,-142.68348746923078,-142.4442190412327,-31.45717324176893,