{"Type":"LSTM","Layers":[40,4],"Ind":[[[185.41158120740238,12.958840097140678,155.37709745634353,-180.38387055828017,-22.200678479157276,168.8753521293743,178.77917833968775,128.15398507475285,40.51947155814095,165.5683870199396,-115.56407335049104,82.27109045538894,55.90404797707551,-3.446304955891171,144.05862056431965,-159.8093019386727,75.88227564300864,-80.4136448068494,79.36850667872393,0.3564023484704748,-150.9788752718729,76.88338577580525,-92.00900578776086,150.82219357506136,-119.30916431367845,-75.5791695406229,23.80211109568,-2.6866067686821538,117.08163597547876,-95.57855025436484,-47.46829803324593,-128.90372066785193,67.81615319825667,99.85341181496001,-91.3937987079396,100.13613096133089,-116.14061582700762,-170.74206222348528,-113.36308166587585,-172.65643028972497,-176.2710463609089,96.28515573052681,-184.59874281998398,-88.17104041216028,6.783750008247091],[136.84849076364972,202.9852741151014,173.48559064817698,107.13095860949271,198.35887450724636,104.4876105729105,-68.09534059084972,2.4128288356316308,-144.3785274494675,-136.30730777751785,8.626495406355161,-162.48140767094898,-141.98553427416445,87.17565354567344,-5.411477212657512,119.78331173720163,-78.65097431386918,172.110486750171,195.76664886713053,173.29006876313872,-100.29062267604549,-128.8109613671129,-154.20332112685585,-128.09641968050886,84.3903347958184,-14.809599027660525,-185.82696946492504,-161.78764079816108,-192.78261208731894,-36.14556909515414,-39.67560618945818,61.89233034874748,-194.52519474746293,-126.39523444868809,113.38550745768589,555.0976444479005,-170.11727769030696,169.86183729148854,146.93779184304822,-66.70526809345519,-97.19886127950774,-5.488971456463898,136.47478338953442,-60.036374879521716,-47.14756464530562],[110.73554359065665,155.70538633173237,103.55365713462979,96.92844201969297,-37.656191832833784,-182.6052873512771,-15.24994529277226,-171.59645208810198,-165.66876558890687,-72.67420515685832,86.62420062049362,-119.69737710658664,-122.69744752405035,-161.82143673098255,-107.67944447029632,-109.73035858647759,-128.18938396559972,39.57711546567548,114.16887234431557,-90.83940794978427,-82.80560263640966,-126.47582169032358,-10.590479476575588,187.04201834745243,-159.1512506523582,55.991631964477804,-99.519603048484,-99.98585087654817,-30.340998602610725,-34.64639257722966,143.0699551142132,120.02783016810028,-150.24071033166678,25.260764992281317,167.51392114227787,-107.9779444597613,-43.84618387119575,-140.06218456943756,-120.01232343384761,22.04702672309238,142.8197044546555,76.51516061796882,-226.2281449331797,145.63215332228293,123.68843936287442],[-89.4613972224187,54.39141044756206,-65.72705665096596,7.580801531707149,-85.99138139364027,71.11384562563549,123.3846890804441,-45.75278482141848,-99.86691234832648,-9.141875777753539,-103.89747100786693,-25.387517290999728,-61.16657381018034,-137.7930039263331,-153.52335507856205,-4.818735126670126,-186.5026157313803,-98.39606779487514,-99.33395153297928,31.605928912411628,-374.9679670877149,49.57460941459342,-125.16821789996838,139.05812330745815,97.46480543157894,63.1441471401487,-190.73496821370506,66.10886816791752,-147.95588354685577,-123.1193670186394,159.1270264228842,158.53342671113217,182.5926448415097,-28.836182987123426,4.205980781686858,-0.2844872356169148,-139.84342612136808,121.57058850512729,-97.29081320574491,149.20938981249083,-27.774092173022936,-58.40337722825677,-30.393371258176472,46.46626299529126,47.55223177832332]],[[-14.084607021341089,-69.12696979994894,131.74110659178672,108.22357368402527,-77.21080757987056,-9.897032876985289,-59.10734212832889,128.21646325127207,-4.760677193118057,-60.314907611950574,8.899430551804599,-162.3278345073718,-88.63639953261635,76.75876578376277,252.62597389244434,-161.3706603876402,143.7542981610556,-183.3630984912284,-10.014894195851598,-189.67931541311114,11.27966772526623,143.91743424404257,-148.14854241456118,154.39378804229125,-23.852880174350275,54.396411432585936,124.47943702461859,-136.34600777910077,-148.61443273760304,170.65338771281415,-101.76959804398362,-140.21655748747042,140.62654384802912,-188.47355443304366,-68.5196874739945,-127.72272592678696,169.6182674884448,-44.8540695716249,174.02675572944068,-125.02962973065421,-189.21661571375148,192.920656998291,182.31269589551692,-99.28069173370011,-59.61668570140275],[-114.87610068936007,133.60861210534156,142.49250818886847,12.747581209081016,55.98936557552907,152.35301474742275,-196.86679913952477,-186.73494133496945,-12.96549633132884,164.27539943178098,-199.71849216540778,-34.72200883935914,43.628537536526665,12.062910496535029,113.43976666098806,66.59265011976858,66.44755096826009,-91.41868070898735,-103.63517124242198,132.75388540460955,53.389445603259446,158.87118192871318,-102.32279712266671,-139.3019536819098,159.01532750750548,-1.4571086476128592,-116.65159996142613,-95.31551782064271,155.86550967500892,123.93939615315439,186.9994389888448,140.84517440526244,-142.5643441873584,-12.28887370056797,-133.63744127307046,-192.0053660982313,134.2576031280745,-70.31661385259498,30.541158640888042,14.929498005372954,96.8039973462378,-126.77113936205825,7.951139272884955,-191.32639352467598,-87.95284096607949],[-48.53966829147171,97.61057370852937,-191.89705489476208,127.51555306641835,-128.84671401611328,-97.47996184323533,123.8004721651175,-107.85572841567274,-34.36941447028301,119.76192845473683,-5.956433974960174,178.48882911553324,95.99409651761879,2.7339685645856537,5.518450053745072,35.782362987636326,-184.33654829356973,-64.90386581352045,71.28415993286255,-14.279002113383132,-129.47123241902895,24.37414786118781,-186.87411376595662,181.11900480293403,174.70221063164053,-33.23295561018635,-185.38306967475424,66.00072816369584,117.17108926246307,-1.9497390174118223,102.86869381043715,-32.61083919577818,-83.0911709713799,153.15217237327752,-18.08229928780005,-141.6144092993723,104.00218903826173,155.7874228738661,-187.69794002196937,57.844205978888574,-72.83990533003734,75.4801568319671,-95.4617083539168,-87.74804350369278,13.72109137806592],[4.771511453525212,41.418198753800915,-76.40126854845516,-130.50818689192172,-4.645713718551092,176.1704290443747,-131.097985458268,-274.5122288892197,165.68474007035698,134.97627484477147,138.21468958855382,171.30371538437493,131.00605298023007,-65.47320021545507,70.59685292569355,-158.61934148844256,162.10679615632864,145.7655646343505,-111.19250243614991,-98.120666074512,-144.9195146577514,185.91159410060726,-1.8455257168088046,-125.13659532786485,48.31555390148523,120.426688268746,131.52882600292463,-132.13470123034847,-131.0418607121645,-107.80829457834828,-172.00827730097603,-57.019713588365015,100.75533467979683,113.91188760004987,109.53178603078864,53.26707590146644,-10.889127976439683,66.47653599424066,-78.60636136038966,58.63361089623038,-94.07382841026988,58.968830898253884,7.02112700054065,-150.69072742125869,155.6235711596737]],[[101.76908183669617,-48.71816886089617,180.56792257635541,126.19024446277135,145.77197079148522,164.61746315566393,85.16601246289399,-161.18942802520075,79.01085054598975,112.45116745789035,-65.99743929724251,-122.98187902881264,-86.31788123722623,-92.73949809761261,-39.58231830395435,79.59218360628633,47.31372242471961,-39.311040057019795,47.39573507128718,-99.08019682434981,-119.0564393437289,-43.45692081586216,-192.70999984710096,-124.69165308781702,118.23944156035644,170.88683466559704,157.11020012145445,14.378073993129714,16.578877113828305,147.60337891334018,43.3825031553865,69.54085047937846,-43.871124970264084,-62.41304062870334,28.170362479236964,-180.8865535035773,38.994834262010606,86.93576648299796,161.78662189101016,-16.696498601233678,185.6508844461341,-63.9308461706984,-49.28664551048705,24.055616312832306,65.1401848271024],[-45.73096895287001,81.5897893661477,-151.37875616484234,-141.9663869224258,-198.20963945419388,160.96372034932557,-16.8824096427892,42.13201331511449,-117.06786428839196,95.84073219428176,106.64170449378125,-139.2020862855325,-73.80851029861324,