{"Type":"FNN","Layers":[40,20,4],"Ind":[[[-157.21495473255047,40.72878000495814,-120.33530623333691,172.85870463434048,37.44342969772304,83.87425478598186,82.42995549830185,49.76326255583601,123.51064424585017,-159.02107626531,-131.66847920356764,-134.1985447700834,136.50808313917176,31.908389646704997,-12.55919935375385,134.39257523714178,33.016496539824445,2.6088355262341447,26.66973401329128,63.926395990322206,-180.1688693054637,158.55670331900976,35.94428753113916,-26.656368356978845,88.74434076710905,-178.10682325035307,109.67382000460933,124.85242760566965,-172.95728322067654,-81.21717770662471,61.879834677149645,180.02416919063464,-161.84186936913963,-165.78294093070193,10.239659795014159,56.519042631688805,-3.8140389008877835,-128.7397062315197,148.6560994743552,-173.58703106314198,-83.78166080811128],[104.60208316609366,66.4801665906627,-91.55485997573842,-119.60383106677875,20.830796887156218,-149.65855612590235,114.37030705827178,39.884212081994754,-183.1556240004328,-124.14274866788902,-111.42838538415972,48.01071253857494,116.27844930428788,102.21712361193728,-121.69145062800301,-151.20112830154048,38.2255907033331,-39.29472461680365,20.31479855257557,-57.21344245162636,-17.71050962446101,135.53958158656744,150.953280948147,-19.367862479007876,-68.43705210286983,60.38914776297966,-3.5380437030774874,-2.6943282218481417,8.041509371412658,58.01320865975624,162.87467597550997,-68.10560060337585,-16.317385822164354,47.63345955172649,51.482300803919145,40.24787575186872,72.91246975519945,-81.99783459038959,40.47784297191562,140.7982776179579,-18.585923905225734],[198.23457155144828,47.64127617382536,67.0775182907556,133.2352503204332,145.98207736678916,-163.14535949930232,-143.50273571202885,59.91611314605493,190.26182504582403,-11.563154230430081,-18.363541053666758,-168.7653740559233,-84.71536160288044,-131.98237191528025,-102.49177041596133,146.94725138993846,180.1183468762381,-9.731225704736191,138.05210015543489,-128.27426957368652,178.60775685687398,-77.99483614116363,-14.84561835860372,159.39114126994403,173.74665201109877,30.878501446588704,142.72791587174805,38.768442785796395,61.952871775481405,-120.00519268896649,-53.13429533362325,-120.38577651979242,-135.6456411848338,-199.21962621242113,172.1458936658108,-165.48888344184684,53.29679492844974,-8.34459431248058,90.86435645815126,-79.6845457777926,69.24170226186567],[-118.65977681816243,-27.89454290467038,-148.93532201716204,-122.6291803586347,44.67786035562477,-140.97332656937635,99.29767467629812,112.01071285865129,58.14370462383711,-56.537035225567195,106.452905294914,-2.6887065997194046,-122.99695256069238,-96.81100523517954,-175.95872462899604,191.0490274604968,-109.18936022675766,-71.6271857947196,-153.48409918355662,48.901470372034325,170.04864829889235,123.27194629044708,6.147548804267755,-162.96773439852797,-158.45007037218357,49.518558390258,68.78597826337152,-182.81297990047787,-158.43699961556598,126.62410194568483,-198.52065315995262,53.92620247182018,44.71556391305194,164.43608284646365,-197.6819520556128,7.0593232030625055,-147.08898232130016,-59.951527673195976,-94.2221930299772,-50.36786964824811,80.89890373356212],[101.13515426361192,-86.44529102089628,-58.55395084162453,-128.93898927593025,140.95239160573948,178.04184720180595,183.64485541503385,159.2753850222413,-149.13185828142426,189.3199019707748,134.58357986793047,8.649135626762082,-93.33865462047947,-53.285472223583376,77.3391717236216,155.82489492343782,-190.15603821104202,-17.138418387900206,54.31163568212534,2.609418544866004,140.14883773701877,-117.52097188640964,-32.352671625912954,193.08666892811078,152.31418049656375,-20.217552115280025,-4.016884335855964,-161.17846710131252,-28.035030651749143,20.917212601208046,139.07309646394245,57.723691746610626,-15.271888924550826,-6.05088774736331,-32.1646003644112,121.69831947387469,-170.20203673246783,118.00300433305438,-85.49454521828618,-34.30374260198741,158.55032598503826],[122.80665608876639,-199.80769929112606,-170.25622006326407,105.87146138198308,182.3355387638141,-184.9395350097169,130.5762303578343,-195.79028496037824,-117.99482823198106,49.28801418441896,-198.95795428202783,30.437509317327294,-136.60206891157569,68.09631581962974,126.23239226596301,-169.5507657397821,-161.14788889899495,129.48745046522671,178.4726651612962,-125.42538555717248,182.50542238718498,140.16943431469593,39.3380027759676,153.4062627831715,-27.425562385048188,3.343677659510824,-8.970696105446363,129.29029948586734,10.395685316776415,103.8123616673735,-88.98714307549673,-188.3916386003833,-155.62240598971263,75.63539470613614,150.7830099683731,0.46501502570630576,-19.777160776738416,146.75598833869878,44.30016697347274,56.76762680696283,-9.335412909043203],[195.05869925991672,-151.47508904314196,-106.78628158297977,151.48424499620833,-70.31200418720425,-88.81159544894945,-148.9088231000821,80.6179604329579,-52.661068602089685,40.94650948183594,105.99504486933554,-159.4621058286843,-180.28883203378248,-78.78333174095944,-187.6844036061263,9.186482230803032,-131.5816642766711,33.34307659522957,5.271613582703649,-65.21266457077783,115.049904748727,57.00236771440874,140.24295779631285,-79.5271561949678,153.02809248495757,194.48288490273796,90.16738853214827,110.12600659007936,199.9835094694901,1.9343090790204795,-25.869834618687843,54.30557640712976,166.14849113083073,150.396079045954,-59.92894627227871,-94.80633983025639,126.49607210455305,-177.92965391190975,158.18867495371276,-73.93260766865376,83.57900714391184],[-88.86224423059431,137.90037678451856,-111.19920448735435,112.93064955780527,-190.60634153700167,-6.721641719919448,-99.54376415679401,-64.95766450979252,-12.510096421674314,193.26068189743617,17.572359059784674,96.64442221565335,-52.91935437292345,187.97369340735864,135.33337276793742,124.88227459632394,-38.05860736889071,120.32301497560431,41.28839587318454,-109.30908381765947,-84.61786963327648,88.25962198340419,126.22030887357722,-149.52140829394185,-148.69317857969202,113.72811909287498,54.514660947357626,-65.02404190380575,-170.5660944974108,-33.39602970701557,-157.6500152813368,39.033764508352775,174.54407924022894,51.73657564715485,-142.6305510294918,7.080678456569434,156.9616458669903,-139.7776583934654,126.12627210960525,108.05200013823503,3.255310492645424],[30.40133595623047,6.66699240951858,-47.066609010564505,182.74375488998257,171.54619897171156,-114.15831916045641,-50.95363364031918,-35.775734055701626,-54.300376346028635,198.1970794390468,145.8156648839786,44.80663423491061,-69.36438546035461,161.1906081236201,-25.817366300654474,-7.492276301074408,93.12278169793795,102.90545406086922,-21.629227680646796,42.33503049948935,187.96713572754297,-157.41786152531927,107.07138336674903,59.20652426825356,-98.58907558625167,-164.71291324637104,-141.92339789536166,-55.55339752783246,-0.3511046109476057,-3.2768207413102823,-58.967335633150036,88.25108583399731,18.182445112838824,26.572201247742424,-22.372355023829904,80.59132686954953,-173.21542370820987,135.38221095371247,-161.34508355011974,111.65972592399233,-17.620656804255045],[-74.6795900440344,153.00030391775056,-144.70019042789318,-92.0366860698121,-33.2487418807341,54.50367351390684,41.438439999924505,124.35969857995836,68.58421069969896,175.63684053860766,-179.36682990493375,41.50771425553501,150.68940446122906,63.58890081987689,-10.0170418193877,175.87615174818703,-150.04097489114497,-2.432072559842125,120.40452147021355,-172.40510362220343,75.56216737193886,-87.05565114796894,93.14721517675423,192.3708088493987,90.26114710004326,182.68896983443054,-36.863122433482516,102.38411882775827,-90.6511217929728,-182.98443200421661,44.28875731481203,-134.60643295545393,-188.22399154466416,9.093986332864336,29.4066705057225,-78.63112062050598,-113.57002798595782,72.82298396701249,65.36147862679526,104.63189919292196,82.08099589710598],[-121.57597037837532,-156.3123998732552,128.54009505889138,15.760406422996583,-11.004222379295506,37.72274932748055,-162.0189349120899,-68.13753308296428,