{"Type":"LSTM","Layers":[40,4],"Ind":[[[-198.25357346766745,-132.0488488369899,-130.79381431136795,-26.055488279144193,-121.7667842561589,-37.709160919822466,37.80553789518577,-47.24762524183765,157.772371654104,127.65885414103398,119.5889672561913,-52.22380829192729,124.12072494979749,81.68119313839492,-90.9099991989031,-163.21756550283308,4.726773814484053,175.40777184700156,94.57766109352694,-124.28180689816077,125.7970594958197,-141.27693639728403,-96.79884295463657,71.02700424275663,-49.85109652908494,107.15856948917549,-29.122168690369474,82.35806568463278,-179.02076450527676,180.76856545174223,-0.3712344013538927,66.7823127144394,96.8141826131284,68.79350405987145,175.71681500108815,-130.33596825349153,-109.38883219461094,34.74630836650977,76.62327657535648,-74.75588681777985,-12.398456084098086,-135.53137979002145,148.63716729980726,153.56395671066667,-63.05031330826892],[39.705837807945166,14.19685648178146,-173.90335942950173,71.485999172541,156.34696615391474,-15.21109103636997,128.4040149693067,17.70661309158221,-26.39254817546517,-91.31603309090154,178.91844685975903,-84.7787113537939,83.12210967792844,-133.1009920845591,-116.85066122397289,-54.42307619055051,14.517555865703804,148.11121575579196,-81.65493513815653,137.26069730333595,-98.48435962025056,-17.88371718202348,-176.69266032747566,-115.81834588777616,19.867748149416766,-107.15376529367522,-50.32212980914827,112.54723886408003,-185.27205219430553,0.35022892575780057,-48.839928476498606,150.17267600795284,-103.34721959940306,94.65648647746256,-82.92668296250389,-50.87150615260812,5.747802734946283,-152.1772438415341,-101.51856018595156,134.6756309479714,134.39288565953797,-45.236273281851005,-18.276229947227286,-2.853792061003157,51.33477666483923],[-40.55092363942106,0.07840181734586338,115.9153794124599,-0.7981325766169387,44.086877678152845,-142.37976107721866,195.53912020044206,55.42139649552133,-51.56886122630306,-153.18263920735336,50.43698509370906,130.533962560553,-76.23308400867911,-149.18208356878552,-189.70530244850548,128.61819645372233,129.95109820163466,-9.56539987754892,-86.45391072130737,-90.89119445977829,-4.61459086149265,-122.74573562402753,158.20852028459518,-29.512815366002055,-69.39625610241326,-146.83141480940108,-97.51412438824,-130.77303382701854,104.64690413549066,-172.71838856179806,162.08881326313366,-118.49446692647557,-5.17896576106438,99.60075950346119,188.94941524713184,-87.9972460640212,151.10683572972786,6.657768072889425,-28.544420809375563,-174.371855547434,195.67923733613992,4.836274820771358,112.44388403045335,-69.8246745997194,-28.02969999048692],[159.41691048294157,177.85990406495205,-62.00834513106071,141.8424017852178,135.23829940510984,-103.6826144537383,47.06229477903827,-50.39557804457309,81.35870360402215,44.068976120213534,-137.00104114840238,-159.88992270506026,111.56193201130276,141.75937850797462,20.47421009083665,128.78286317691595,130.8122660377767,-96.80848699477164,139.11908329977746,142.64965783213677,80.09321973216531,-93.73063614633891,-196.5139183311764,93.36989566357622,141.3676346973209,111.6949285424229,96.42053308851678,-96.64846058670867,8.242154395952594,115.31033085674052,-35.67514859302036,88.8570127082037,-34.183723695763234,6.943882976280058,48.35364405684394,-1.3202011285893709,113.21296729189652,-88.50472766068654,55.00604893335725,90.86716722408484,-161.8248119307896,-20.962766702812985,-55.71112078129503,-27.78870906810613,0.4820351420038005]],[[-159.50460841232413,-148.04330019053086,-89.9574070602512,-37.0497944550625,65.45226323647131,191.73662339085476,160.17393793653923,-165.50546337179918,91.94180779751622,-168.1138871222169,189.75814684889312,44.97786935646158,79.70712728914644,-63.281000527691084,70.18622612236227,168.88834087172526,70.15050068188974,123.75863235320844,113.88386576695875,78.87371345386869,0.24934918850081372,118.8287030114853,96.88812666740108,185.54088586812549,120.95649444887826,-44.42020948612353,90.26460214245039,148.75845992981314,-75.3713949070767,25.092440889515803,121.4050117679594,-183.53724232738207,178.7259739777487,4.855176345843227,-14.963744806308748,29.273407677848606,-178.57725564234045,45.97707887405725,191.64561196882187,-46.58418140440271,87.3222273027578,-110.357581466742,199.32972361877722,176.69950855624714,174.035363864203],[161.37123173614222,27.47367169366646,-92.5886238380532,-83.23543074964152,26.905886571642764,-80.57607245527828,-52.28044347836622,-41.22631960593747,-123.4145684215561,11.195981787675317,119.44745606256105,-98.02652515108406,113.69306292339718,-182.80257864026277,-84.561112059466,-137.33488473407775,116.3935627525894,-127.7478271095906,91.84466880559165,183.74361482307444,173.58296788988517,32.556073323648484,168.67407911954197,10.812654350762061,84.88043950038376,60.49422430024745,170.5033742606056,-27.739820060608213,112.17525063594874,32.7279466737707,-8.800366542503136,-28.5360520738093,-142.5715785440283,-11.671345438580797,132.39235006822435,64.84979000676074,31.7848223459948,31.879020691248172,-34.865443675685974,-47.45745646296416,23.580628530089957,-100.51828451076025,123.41148730336815,-108.16476422241011,-149.22094179075114],[-31.627838921811627,-46.647004344752446,176.60371265791326,-92.35142917704681,-29.314741023333433,50.235931412480944,-135.71611892131907,63.72412259481614,-194.05745388198818,-39.83908366905057,116.01979843348057,-8.501860595500245,-63.270155522085346,-128.67468028395274,181.05879454593867,186.22734501756065,-103.71087821176218,-125.69324045605053,117.40593659200464,10.955157603389987,146.64201773490032,74.7798306094047,-74.5913951673566,100.78750538810128,-165.89803395784296,29.654150559225954,-187.71712204275235,29.280896277047074,116.32206149274278,-53.70955695061416,-88.06050631130498,-27.900427053141318,-48.63707039127548,-38.28694409021166,35.50264920594498,-121.81038070421391,-15.673651617291993,-68.51684444381323,180.93339408404395,178.66696638362438,-12.186642908644902,185.35925982515758,-35.99123493322467,93.03401464120596,41.65590315015602],[10.974144196180104,-74.62195434359217,149.04010748387682,47.18020811149033,-99.82688918527606,84.42885302645374,-32.636264838293606,-2.982747034848643,101.5320797933234,159.00711846144281,146.65804172371685,73.5034244911,43.00821316644822,-31.226731844576182,-161.50890668348845,-168.57084354495717,-17.797118737749873,55.01032587607843,20.822021521296023,62.06370165063832,39.87161243483287,-178.63500958729398,-127.70500731155285,164.98011685879618,116.28842426167688,157.2590060618373,-111.83038033488295,122.75674787984836,112.5488284676544,114.08294734321954,-24.065551987680706,151.42753109446403,121.60196672521666,-122.91564825942514,-60.221460792931815,-29.508242668445682,33.76614960956212,25.31530172033483,133.0828794161643,155.93022140982984,6.1292671814516355,45.4269199839747,122.76679528234318,173.80712736798708,104.45800765492025]],[[150.47438989158883,-63.100593682446714,146.9334897983389,148.79403978629503,6.244077703377291,73.59651613567016,54.92274595866836,-123.66770284385248,58.564334619180165,-57.92992926337521,-10.927298242220942,-108.75471675534443,156.20898198354266,-36.500647789029706,-150.1813407946871,78.88801373970867,-115.740120366038,86.37902794876386,-119.42359348411894,69.00309618814944,-151.26773698177487,-52.0722273045028,130.06940466315396,-70.32119839889204,-72.10434264908497,-106.67724791355431,-8.951529378310537,138.436152013982,-141.63652237395672,-63.32412945078313,89.7774654020491,94.74415384794133,0.47864987491066385,-69.6629471697888,186.97128606115135,-172.67454628737144,186.4201094575746,157.46394124876633,172.54358294129295,38.576441344274535,186.15494287729769,-78.20907497936415,37.20474067004558,-72.24328355559003,49.25765318796209],[166.9030509450363,-194.26803771236868,9.6505207602136,113.68089278452652,-33.84991753160407,-53.148301338963265,-104.80470019666788,-22.489297831992097,-160.04483632575432,-20.048099649001234,-55.95113830172971,-90.68584556850071,102.20334066636859,-99.10455692145229,70.98041023932862,