{"Type":"LSTM","Layers":[40,4],"Ind":[[[230.50606096501542,125.85543079669411,209.97883492026682,135.3663226503083,-204.71785938753538,193.45640719301892,-3.55027528177195,-218.68193378246306,-137.82772483055945,-36.304532952635086,-66.97407090625612,16.76723510890975,-253.582610271032,36.035131206760425,80.77839835572635,-39.286549545875786,69.32091450652266,17.29424143359089,-236.94267407030745,-243.85466467970542,-119.937048942259,364.89227494850576,-137.065124480082,304.14959955429987,-119.27877663181772,304.5037098636589,195.06997885934405,11.144598117347982,85.35992120020306,129.50545579209833,-336.7711897028388,-168.54292074795725,317.3845921281416,-5.211251810411487,-126.2380148787797,133.9142356213165,10.471483347560685,81.17402195887507,-209.8276885356485,-23.61824290546,23.441190642251758,443.65829324309493,17.77713256436055,2.4722668490732014,-230.62431091701902],[-41.477334160251864,81.27384582657272,-56.15987464465424,-267.09276013570457,-55.90997635835701,90.90084803380805,-330.92721735235097,84.45000547118222,229.6524731751438,-305.4633577015027,-171.29622940075743,59.015329476292095,314.6167092024469,31.247428426582168,326.6874367351165,149.92009508125955,-171.24452827056882,88.31496771842195,-432.87202622827124,-148.22962664091574,-140.71588516465138,64.56843659819286,-2.6806897889351013,65.50683646646844,46.150946279829526,-3.8651200066500175,125.97854884711862,-86.37508351640832,110.24322216561073,-240.51588592406654,35.810524628705664,211.0004045316981,-167.11271059147623,-186.27146124954862,155.90024753612815,-64.71162859912641,-204.8199271088736,-274.3583556080354,33.78207150862568,114.50068136685526,81.75405903516044,-74.63863985107747,-179.25300699429937,-22.611488426425698,27.945722112902125],[-177.44393235219727,-108.63110034977882,45.11952297309388,330.4215452385564,-292.6609196299381,-501.559566078708,9.424196442475031,86.97257198583824,-149.5682398925191,-68.35989649896236,77.39821615397665,-186.52277753988608,-254.72409809427793,-278.98317970965934,-120.96537084204296,-218.82580744863694,-96.82213111775643,-108.87486164679305,-309.1766081091349,54.44357550607098,41.40374319370707,50.58209898529691,-130.40990898759625,72.6959669682792,-158.24097608359043,142.6033571755388,277.92032512202445,276.57962032796604,139.97246324617709,308.4569074946315,335.62364204887183,185.81958380837733,-26.249692392041023,-218.8397296874502,-223.7604882190561,-222.90806177174775,253.02842018970108,-85.17459470685023,63.70277904215135,213.95118814056445,-171.76977255633656,291.16395705885446,87.16131608635582,-122.85583169550117,-195.7963986862364],[-248.57286525291946,81.84323098428752,-49.942543483544696,-269.4622015884128,-50.67683000605824,1.7803083952492278,107.92881849603509,220.82884527315122,146.71503873867167,-184.12054567919736,-305.7965416374367,-402.6391682126654,-190.77137072620144,-329.80736999218897,42.10164071611025,227.10861797478637,10.921427052228402,-224.77040532617826,-284.02562842618767,-387.8505252562768,141.92372320973175,253.26275415143087,136.51770214494985,19.190689021396246,-503.85965227348305,35.85878247310646,69.43229822469958,139.16931227782018,-218.18819429663364,50.5225763184859,138.46881923295967,121.73735172476567,-142.67629607638716,-208.30714269841542,-81.69949312208877,61.33409407688456,-125.55909240491273,29.21761320739473,238.90712180492372,-61.395633568078466,153.20121570390407,145.8932342523649,-86.72422213819829,40.1456009920497,8.774228616838073]],[[-229.99126656134672,-36.328663509257794,-371.83293220977635,109.9602631997208,-136.45550779420873,-62.06701007563636,-7.30169854862102,212.25603995863807,-45.68318418938163,-60.11147607400165,-17.562273114886775,43.54249049525172,266.5797996651499,-9.881598829858966,-210.2283901970539,172.55783131233795,-48.48764100155755,175.58407988314218,142.83362430421946,-233.5792687946911,-25.866151401823146,-65.63520596972569,-122.69658999177776,26.89146708875775,-86.77805385019622,69.47368075175707,67.5999618580238,50.7070368538818,3.605114508519523,-252.3786850706956,150.3755830253231,291.3560713224052,-25.56317378188856,-202.30150730964397,8.1725639466872,250.47930410391888,259.715309204926,-69.6028352233798,75.81918690304964,125.83862678139279,-107.39030828283546,-74.26840603360826,51.22284922004244,56.38840589886352,-3.799285763513403],[133.44777319204564,292.9457499086342,-42.00755517937809,-182.61404312169753,151.2085207203481,-90.93080849247836,-164.60663900616603,-219.4805416956817,86.77147929353936,253.2458255216602,170.5535542805692,22.06072386363575,-113.48477404215356,98.81592278960125,82.02680233008834,-71.94230123467314,-160.8740443475766,-340.4268511744918,82.64660837227859,123.67041716899286,-157.01722428507242,92.90557716302709,-126.63599976068815,-249.92766695246652,-366.1192491485475,280.6102344610826,-294.88819586208285,-182.4116400482522,55.02605809816892,32.08382850836282,157.54153151454682,394.5483007055934,123.56241428293863,-152.50382288838918,22.327187905572124,182.27258756696182,201.37789120087675,176.62683901025875,140.36873401092356,-252.0240814277452,112.4097726531507,-168.96275128116636,-156.31574549159805,10.146036400821835,-262.4414946607723],[-152.6506559753123,226.6431736117225,-354.12343154922786,-99.67880522473033,-134.2402507715983,-99.33801923911705,187.38196709203288,-94.28826086419757,-19.826757849718856,158.16533721349728,132.7013522847904,-14.788287945929781,-59.59691022376702,-247.18316761325954,-63.40158719861349,6.589736080113211,21.160203735504815,-202.2434038429983,367.4031548969416,226.05858507419987,41.53449151363538,-94.54723388856654,59.542241794711146,-240.43039916499401,31.5585619742184,274.21796497292655,303.7506707833487,-27.321285027262835,-201.13924502659629,21.933569715121745,144.1294071612628,411.19767112048913,-25.919522487164055,136.74771679461745,-164.3574747939518,15.429994922051588,-50.1782315422424,-369.62737611698935,-22.886985347328118,-59.847446414794625,251.77106320403405,-172.68515013156565,290.7465200797551,-130.03506456759226,227.65098044253517],[-199.55997578714167,-141.80195762001406,297.5107221863085,-261.3683771291633,-128.55196109866864,-44.700747630856334,196.55938720680783,27.91968719650467,326.28837092245186,-3.754340022089515,-57.93417878956465,58.13891629517988,-260.01478185217354,-151.50519290928617,11.36973740357325,-162.6540609747733,15.030524326740338,-280.5028188819626,-87.51566457234156,-5.787213971577555,26.113817403540654,-162.20417982351762,74.92969895798352,197.7491792571123,104.55924584322723,-98.59547525061173,-83.85505159744649,-323.9041119460191,363.7187871510085,98.75951684421187,73.69165367810739,2.660865806484588,-71.93386983720738,118.77764759596838,95.87228108912045,116.1223950055088,21.01339339897444,-260.43565189661393,-226.28842012838703,59.65377593468612,14.634317152352383,142.48421573211448,58.931289531982955,162.7214067034059,-126.80802615134816]],[[-58.26136871777822,2.3856456059080164,276.5891139675255,129.29093412872126,-55.43154552156534,232.88223058880814,-2.167749456416389,-182.35647727882923,-319.4639420927848,-26.78608911433449,-210.4440062078556,-226.91894416325414,-121.26918523358937,264.50306313299455,320.3183477488547,101.89510947240647,92.22331763661262,290.0980737380908,-181.1998220415599,-139.20062702970864,-211.05467275123362,-2.484549427472911,-390.5490687413858,-235.07583872502644,-81.50528577008306,332.86164217863615,-294.5810398030654,146.73498542094273,266.6906343522485,-30.80175707721249,215.35953043232035,-158.09304842046905,328.3712830246548,-366.1569455941875,241.79999412108893,-136.25162558208623,159.71071071457695,330.35751565474766,-119.56285019212287,-153.5420200009339,26.226089140949227,-2.5380945590482202,132.90822930474076,133.94385144413505,-231.56198723717634],[-14.865241750456015,159.64085215536667,-95.65860507437472,434.96588692668234,-91.80228428054005,-222.27417626138268,-286.36541608103096,-214.60891982083928,-43.22474136653769,-79.86868226773758,17.637787444752053,-37.40952431479448,-10.508000839636145,