{"Type":"FNN","Layers":[40,20,4],"Ind":[[[85.59745323199745,-172.20411033019528,45.041424342769155,-43.33188008061943,-155.94565853556338,70.81083670927325,189.36097521566091,-170.35626227766215,231.43196243158627,-235.25109988255167,10.994207917916652,118.32498861104014,98.98646656297319,279.1291501488665,63.76024629864145,-78.7230390370823,2.5846728660880056,-167.26591809032558,-77.98086955139286,65.54516413493037,95.33959182402188,126.34163161291966,-41.63659712137074,-78.8598068706519,125.36379425432649,-94.3310009363247,95.03624030695026,-43.366730781596786,143.62553616634955,15.09189004181135,-266.00721963902816,-114.80188048293095,158.71917352656058,-5.473828545010827,86.41388629920183,114.1776289105745,64.12291314330074,-78.99507376329508,-33.250029150938744,-95.72169158413004,253.5547459153915],[-111.64882885413112,-241.53967285683626,-25.85622500182477,116.94652346920935,76.91394710277245,3.3685850413644847,104.43354699214402,-125.4243865427239,62.63608745185518,159.1479113803836,-216.80937387796538,63.509929296887385,101.10194457115219,7.266835144581004,-146.38516453032736,-76.55645453547635,-152.47356876927557,110.12291228856525,-91.48983731854219,43.561836293756556,257.87787381565164,-70.88758593969672,65.23039501984796,-115.58943888988934,71.81617729454948,-43.59801794376758,54.612559554295785,-63.468175122542554,-68.00341818085765,34.40434642249194,-46.99544533402269,247.0785003505666,163.20104040401966,93.50904531782118,-96.81285887095358,246.61939907797066,-24.90785794021682,61.01479036549993,-137.2748742346782,66.1525729530838,57.94115674351431],[65.77040576397528,56.52754332966679,-44.158076625532495,-175.53307242193068,330.7805782560736,-305.3497585690644,152.29121011122086,-22.48523897895474,-208.5423384994775,101.68295940498444,-188.9860262849184,-137.68762922837178,-137.45418736294397,-156.53823832420414,156.94053057290557,-172.72567623707835,-49.89005436566272,-178.10793431474426,-13.32141152077046,206.8594378207688,89.10350398760745,-234.634650943654,84.15847065381429,20.067570520370495,-156.12392241414057,-58.78990555016739,-63.88767906579865,-37.26247515589682,-59.153931041379224,-184.4137115284396,94.1489018021759,-127.42039342681724,55.97153851032436,-102.04998427722684,260.10260445686447,-106.30483712037423,97.42731402652237,-46.21706188999296,-132.13580688460752,15.836959311440541,176.5879523736335],[63.939562216549184,17.135914180210882,79.86487905794776,-35.59555429039574,-212.2397269203116,-8.823130204598218,84.34616892301429,129.6383960574717,44.613239400248716,-71.51250028955428,-123.7275921100574,197.23774434739994,-119.69653312993609,-211.3337731927445,-4.723762567518283,-66.85117438327937,226.08585692172986,73.69308177551906,-29.889757900467238,0.672113344507717,74.29224006527654,88.29684430667801,-121.49672979669504,115.18267491663336,-108.59137268030827,-145.92959769020138,71.3205743044714,41.886466874498765,71.40508455589419,-0.7216511969988142,111.97554597454854,15.354401631262387,0.9571485720219506,177.50583887354568,-243.49739449415455,183.25670562866836,66.2830450981327,-124.61813915956556,-135.02503505929386,72.61185251707984,-91.49291219565514],[-212.03363487586788,204.2947844946967,-204.6327803912312,106.29548647389942,19.788257359824886,-22.768625723975287,248.51169231886524,108.85070396981418,198.45324654688136,65.69447226596182,-58.25945427777733,38.30180045942585,-176.3916661334458,90.2923076450916,179.67766804196066,30.069023943557255,-26.91651691510508,-62.012964939073065,-11.318569922621323,-147.18491697541626,47.34768530153444,-52.605050065538656,-213.7418592558203,-219.3858452030229,-214.1645005852252,16.057980910661215,-35.75446229615111,-6.484129826946777,-0.24744685436327996,-247.6262689172871,-125.1550069090818,-35.06747236573572,193.57106455959763,18.16442467708447,135.38956149954893,21.52991240460842,4.3090679713356606,202.94095958596188,100.23716155206239,-9.175592535258142,-254.11853211973747],[-57.02565590708769,155.65143286708297,12.12464877459099,-166.19011122087392,116.47346798189837,-74.0570568314731,164.98900303429394,251.65724916290557,47.505097721120165,86.86527932127133,-162.32740713977788,48.46235253045816,76.28614139937474,62.61346681250507,52.32916122522511,-19.715987187368153,81.10561270820399,165.62198781788715,-171.0069989724549,-86.49164082618394,148.38641623303846,-46.42127414539537,-162.043543492826,-23.75923346505728,-25.938080426121463,-84.155696386721,-169.7478305983046,-165.36718724912748,-53.07453773483121,12.28501510097147,-77.67684986173937,39.26625357925182,187.85432839286744,-15.937976269896565,-167.60209864458008,-144.1255341969608,-128.8214594719918,115.32028000790473,-91.37610904325518,-109.69757676382618,39.63845099801641],[-228.43319573612825,111.53013249143325,182.7239192689203,-92.61396900369485,68.79224096563537,71.10920922127674,-164.6431920128982,-123.79380000733698,34.648359723772955,153.45037544325115,31.214457087505615,-39.65156179156507,-157.17384793600564,-129.0723987751532,-32.30020897975491,-76.78913188206903,-73.7102594803196,-31.064655367006676,94.134525190755,31.94945848575434,124.98451748203895,-96.5140927346908,14.322551825897891,213.86059181427473,-135.84002236655854,8.839004526398151,19.658106873743407,-30.857166960253416,-112.02344994253534,-236.47385986883677,-120.29753385324955,-116.17108834844632,-23.279198905044947,-76.0930054869068,-76.36471386991525,-65.29890861904765,17.238161615500207,-70.62794402949532,252.9485516462677,53.57228555326621,95.79344915387647],[46.31254376678358,-110.10374142671716,-192.92209256170926,12.569974101556054,-111.78515923443157,165.9942881523776,5.744476382370903,47.605956259272986,-17.826299356167063,173.77960725373504,-3.7937300731898054,120.47458496542974,-81.09410170093146,-32.321291438283964,-162.36413228520283,86.84365653968042,-42.74145309837361,35.848736630609196,28.14423171797612,119.63267614262372,-53.385973700763536,27.319606653215054,-30.066170728574857,78.75227140129904,62.10638703206018,114.06800703663187,13.120641379908834,9.126115487744446,-17.765626714836976,67.529603301448,-82.11519848591578,43.259590661141,149.61227448339588,15.381640223479879,177.3510119888253,-56.84304919545923,64.49353862526205,-65.6170496011104,-190.97957395735222,169.37802926297928,147.0187101408982],[-5.419950942091546,166.06651574065896,23.063345687486244,-132.00434511047592,63.23676510529829,-161.44594164337002,0.5034582659024815,191.37439378017825,103.47684999854863,33.67979903009072,67.05143124753171,-207.64800526884528,80.12219861825521,-148.0555830444406,-39.03810766871789,41.20844595936601,29.015674344109904,-104.92516307430536,229.7202918322041,-100.30514050375699,-7.510953350231386,74.32519429804663,217.26014594017494,-38.784876712706094,-166.32682567141285,-24.584307526096467,199.90783734968795,-46.373795816471855,-27.526068143392397,30.545737425657734,-32.58244475866277,30.075971860582573,64.7336244959728,50.9186657692811,-27.499016464065512,138.23254193492278,-164.93489061039568,25.36302510304878,143.47863416636264,135.4788567011636,88.30988169273495],[63.596610366939245,35.32880129159784,299.54523643656046,-198.13630975538987,10.90397275917199,-56.28537249679556,24.458313407289012,52.4386618846541,-150.44524055900033,-38.27353140016087,-95.59177148989802,38.36113961524881,146.13892464904316,132.28810962724205,-129.86139641421255,-65.08169867503655,-5.399677630094696,112.99286611996536,-60.758235418034836,-80.71917652879173,-3.1947348741058708,174.76839241819536,47.16934313333558,249.9200593522933,98.1175592547622,-4.233898577609935,50.59284526239689,-40.40092328213057,-96.49823777290948,-52.958099158958866,197.18400449566226,-37.784592040835065,140.3759773003963,94.05631792443272,46.91073507571156,26.579844995856277,-49.12733419745761,-67.45558049064037,-107.43833714570093,140.7525179057335,-180.46191218510288],[31.720138987152247,270.04118147953244,-41.69951193997352,260.3381688663256,-97.26712343776367,-61.692634958946954,-120.2068009732373,-1.4804500993949585,55.036878141256565,