{"Type":"LSTM","Layers":[40,4],"Ind":[[[-114.07163112392313,-145.9472932260335,-182.65184074138284,51.38711085049419,83.3282287976072,-128.97935443876088,38.15839891240258,49.31890047242051,-27.80179688272677,124.06300400626655,196.79209901099847,14.099793086157053,135.98504813483058,28.823264166810382,106.40025073736435,-145.46162594149436,154.83384389362098,107.35315367171667,-54.68556055480942,-199.360340428966,199.54110549201567,-77.96722888577541,180.65882396129592,55.930995680815386,196.22341406342971,-37.04916703639645,-187.22954989119071,28.211418324441027,187.17287844847195,23.626054341147285,131.86157387458738,151.1326770378948,-124.94007291346252,47.27932676115962,69.43190186657353,120.26647458997304,194.74794720680245,-156.87649114955084,189.9324094785958,88.43667256865429,170.01996787955096,140.88237036799728,-48.711392682915175,-152.23210382295102,140.9164717516558],[-35.794488726836924,-84.00811147581962,167.91760190431947,-104.83939614659944,-164.1200797958587,55.875126832680166,-71.16918610347558,184.48295742111688,37.433953683892575,32.67781968007601,174.76803144092523,172.27260022011185,43.863043461822215,-37.461319589150996,41.69503408345272,-84.35036772584556,-69.83174124430842,51.02342734333165,-42.23355648411848,-173.20507689491853,57.00142000383539,169.46486620862964,9.665723537975346,-169.71412625816535,-160.26702603239488,137.13364955696954,-134.91043131222554,60.46527743847583,-179.1247347188282,-185.77610278035326,-23.6268949712511,114.94724559492977,67.03425763246203,-199.4863993566786,137.920801872355,-80.49251591879221,-145.0883952255698,-182.83887290840966,65.35939720859076,54.35927005526335,-112.03958912635099,122.47009154187607,199.0373139465254,89.66048702192393,-64.40040623578938],[163.87272510594008,70.54890387533047,-39.44679570479855,0.803283712815972,-55.59618842166505,-47.7014103633997,-28.03865029915904,114.39727540494285,192.88541388223558,-160.87684819003314,-49.00868579035156,30.089039466714993,-102.29423016104667,-126.19784643087696,-135.17697914026343,127.43493013191025,-18.410213867733518,-73.54936441090622,-181.89370430795407,19.76153013800439,186.6325410523452,34.86436362193479,9.86106985472568,164.6304110681985,55.60021682082987,-71.76429796698032,81.89210053804628,189.96657333545906,-80.68283523153718,120.73484774141039,29.611730556341918,180.45615477801888,-53.87941998608377,58.38467639799929,-89.8885246475922,31.398442570480654,12.764801680012594,42.713677329829466,-85.21525358169654,54.13665371099925,158.95596311528413,-4.019443117919619,-56.345147090465765,125.37775750996802,-30.579618259993268],[45.279991515255126,-172.8888699289329,123.43544688520431,-1.400605351603823,72.98228099139234,65.89436592315417,-197.1172053052235,124.03740253340145,194.68439469397833,-27.62541275037096,-52.27725614697509,-13.388455314924897,-154.62831109951875,144.82059398452475,2.1353271546094454,-97.69816166912018,170.98511018274712,-22.81567025467821,95.26294993683346,-110.66622657883318,18.93320859907459,170.6361733180532,195.60540232744427,133.25815312192626,94.96460405937538,-93.92769893122768,44.68478825293381,140.89888543048255,-97.58020728189476,-24.319858563702024,-18.218968133299484,85.66537974041198,-19.94380481830913,-47.122602935866894,86.58927062797513,174.67274366332327,197.67066548084804,114.29403479250601,118.44160011087838,-52.50538974843,-130.5757202375372,-13.81071960051301,-20.139581775947946,134.88015487188568,-93.69246620823992]],[[-103.5052052968521,-73.90105281833912,-74.09059457279723,-190.97451142840276,-169.9361138281053,-40.32691170162374,102.06855713600804,-93.08270497984358,142.42507499052755,188.12042945112773,-110.29511434243413,-73.26318142479367,190.6423702871877,50.3131707504334,-4.154136782185258,75.65248106032149,169.6222010346848,154.6623282072857,28.22822346723246,-165.94978343125516,146.5222338057258,141.95234242840854,77.71076527895508,-12.66791613229261,-59.115199796340164,121.452117342628,-115.24764069597913,110.91531985448908,154.08323841676844,3.9464135896416064,23.96900325508784,0.06695635245996812,-180.91683836807965,-114.31978465263136,-160.62059409264654,143.86757933023583,111.24501231685362,-93.72710343405795,-199.10074351740485,80.69797702841406,52.9778173689802,-96.76541622017734,7.87404330843553,77.7006325198125,182.71020743900158],[199.95937741546336,0.6749757155029901,-21.409431640661136,-116.07339485390389,-198.04472673437607,34.587515758285605,-148.23751844943698,60.390540302804794,140.73888256586008,76.47141312942463,-122.93524319365142,-162.5390030947508,99.96474946942801,157.75820205226512,111.37576694539449,-62.79172331836098,162.6572031848013,-63.25072429332419,-7.709952434975897,155.47417042478583,137.17126561077495,129.10287890665427,154.29834279135557,163.15498060962338,-185.37813149945708,-186.7690489234561,-191.58164269787903,21.963959200145354,-41.97831106955567,-106.3764840626755,132.5691168282523,160.43591129862182,-62.25317188973221,-38.53021044213938,-32.72442436472958,107.24613959794942,-111.34571514312142,32.09157932551903,-174.69180765990487,169.73347882905693,53.31453450010968,-31.092757521465654,-10.326004287959245,158.58229029294205,-115.96362407500021],[-121.79909391961988,-138.39089808143683,190.7745172654578,-126.55810809845507,-74.55666371465293,-40.48789098094667,194.71317639611723,-51.21094680510983,-58.097095872827275,15.879714810453649,-161.43396784263513,79.02782047366385,-87.46648056336852,92.52842101909931,123.59496876338456,-79.48543667957217,23.1473591702239,99.49661595692842,18.123103398441785,-63.12772207596575,-72.10723383459059,-129.33944103562825,7.585743023152469,85.06334894724876,160.4202913052814,124.22338283893689,77.107537680476,-156.49649385483133,110.1766181884901,109.14605388662983,-43.347209910464414,-178.33506179123907,49.16602661069063,-171.96335130965142,22.366307941114407,141.07011078681813,-16.78343544772074,-89.32422539862526,-173.0415890043562,144.94192894726558,173.91914124468462,164.17152011954636,193.49406930623297,-114.54953210766928,137.40536137594344],[183.16011644111407,35.723550521085514,168.33654308448004,87.15627579499126,18.885641526798345,43.188375917586,133.98750839947851,-90.96791843355032,-187.1921225306697,71.39870916429936,87.21114201506386,-71.00134477587858,-63.59646407216013,-156.32728926810552,144.46989383855288,-111.01313045736877,-23.63793307074109,35.97607744169431,15.512091553107421,-86.04264763561376,107.11556066512782,155.27727756525456,170.7854622377686,-41.75265878762098,149.59896029559224,-5.719954756793877,-11.156676498215457,-189.91969437498918,-143.583324660257,-50.62155421693897,63.61624458353843,110.43303981222591,-13.321693008673986,-29.36722899241535,-140.66633894923876,176.89071246120136,132.11500056813944,-15.209511713739033,192.17645189060306,-37.653555268326166,52.1266602098001,125.19196080548687,-71.72983083244469,-119.59849472612957,-5.5872362122931785]],[[-29.42915112043345,-22.50917754989348,70.83699478293903,45.013998623616835,-191.8753268483772,149.59302719564275,-114.12802539239975,-90.19527238366345,-103.37719873058573,-185.6189094250122,13.615019758611258,-196.8406591630759,-14.770265538713456,57.613689735427,30.426660616098154,104.53520463210157,158.1175729854023,197.599414857332,176.34546237319705,63.222338925753306,26.415407642883302,-178.0419872257145,29.272835808598742,152.29464512218368,-127.56682762251043,139.2312565392248,-35.76414762084062,57.66762633577444,-89.56403654919782,-56.071221591327046,73.79896336177421,-198.33986141991062,-21.361729300704525,-67.84954548874644,17.841959633648898,-46.15252725236314,123.33202911244877,183.75798174701882,117.50670012064899,-149.44952839408808,23.080434323650056,-115.42484296968283,124.11298181661917,24.382131485871916,52.226665690643735],[-148.74223223595172,12.382607692495506,102.8924358199824,-159.14966317804254,-181.13958998198382,-116.02316963453566,82.69777078195233,-66.90627011179475,111.25133918110421,-101.84269278184927,-181.84290160837142,35.69918496176916,38.19418760055893,130.96973970248752,