{"Type":"FNN","Layers":[40,20,4],"Ind":[[[10.939862484668028,-18.771029340815204,-131.30433262866183,-79.87692850876316,108.38135956626348,-173.76597112726876,38.31149897708626,-82.68903821530176,63.27438029382431,159.45198510881954,-74.19046901283406,-79.02819806848018,-32.44209782512224,-38.30149246614394,134.6721285317304,-58.78921501063552,-0.9429328949052351,198.95314708846988,-167.6212242091676,50.85663195592445,116.90001359301209,-48.20298735258655,90.80476642050282,-105.26876755619863,-69.04446355164058,-98.42996519127998,-144.83002489728173,-81.86402598574762,187.8967607693665,44.183905502771424,71.38735772179584,-152.75283006195437,117.52476662594108,-98.69310209245936,151.5228107642252,119.60171881501944,-5.244493857416588,174.0729614687628,-134.48243087130763,142.88368008692913,140.75894350031882],[112.58104300312625,-139.8718047853289,-118.39651431595195,-72.21111820385183,-56.00011493873704,9.536939294357127,153.46344668630456,-114.15580949511714,-160.39473061825456,54.96897998571355,-77.61145680078165,92.12571839379748,-12.6185611625375,-193.99915226330643,-191.1328004874129,187.99821251559172,-87.89456159480204,79.3398429513164,79.36975216987099,99.70716669529605,6.721397193282952,165.66707088574907,147.82793842789386,-186.9688734020621,131.1549657244705,173.1956371172573,-98.84392781895815,-8.86849956792004,190.8309935595937,-19.823094354565242,-8.071084430783415,-77.19939767804603,-131.10895543902242,8.491899658643876,-17.599213031774696,-12.523776591939463,-86.2585981927651,59.34906368170769,-72.41107620378864,7.575133219031116,154.8322888175924],[185.7409052177231,123.6823376173049,118.3165632329302,-59.44771522167913,-123.13993276821915,170.57385167308783,2.5082354646889904,-51.79085222741897,12.634094852421995,55.70696328514053,113.04399737297324,103.76674875488163,-122.20835344138783,-25.757921755466384,56.87756376285109,-158.96077303867472,27.79346595001431,-147.71031024436104,-188.24871058053057,141.7175655193927,41.99466862061669,-47.29079617483081,-66.37148380618841,50.93329303739824,25.57618467655911,91.57698577834692,-65.21493243179701,35.67501239243951,-154.34377181086356,64.00306991434354,138.89048948305728,137.79227278791666,64.18967882971431,-79.1519822497752,-61.17982004839606,-176.23975049329368,-103.74411488214918,49.83712929897139,126.34119796871381,-29.4819295644867,-2.07254471361078],[-93.01797203797054,-128.52795973192235,53.682057691426536,-139.27264956531613,115.24875802718992,13.425653632180312,172.59664504592362,-0.6323870152596722,-85.95807463578731,-12.981910916892915,51.56123236700139,-47.979763868138534,78.87806031715776,176.1994994091281,-174.61945997067414,5.0814247322903405,56.70949122903921,-39.347925540476126,19.54380185292326,73.94395574175547,-130.29574643776974,-122.76098364275884,-48.644963127364505,-120.6651534787657,-17.676223272030466,-13.877207120365643,131.79369836646444,127.31889358957957,-66.15896847610652,-75.63675172144599,160.41988286837108,-65.05805014529993,199.05083849341,-53.08638104587769,-196.4825809059102,108.06232459124332,88.04744210933761,-118.3285233120081,133.37273069191906,-178.13945754709437,0.6008795032591774],[-145.41596669347393,107.14175884905006,58.11301568297282,162.96459473434393,177.75240210284386,53.42948167697719,101.48870907920849,110.2585544492996,6.4400316808229885,-94.89951667053624,-64.61159231794488,-26.66443812858641,-165.62792806431895,198.17009281400485,7.271063785707943,26.049399408439022,-126.05282393539015,-69.73005060616455,-3.3397157302040625,-161.48384279721023,139.36324980569034,35.718071821857535,139.37802415187858,53.45070297168131,-79.25100256159637,-77.27918464923222,-29.444763134136597,-182.35972528073938,-110.9066750783961,-26.582597022286404,147.11984971841582,121.9145267270215,20.923592375555167,87.26272886911106,-17.13081508658485,191.40760344068673,-16.925612644069265,-99.79549686219028,-164.36844206397464,72.82376729398194,48.07897162001233],[68.37629016269614,-143.57626833251499,-150.80696942728557,-96.65433203764647,156.00250714902887,62.153069477437526,179.78634422967943,198.8459002540299,-6.180250917655994,156.10852036583358,-83.55953963919993,0.9317691521937288,171.25377148496236,78.51119497739951,-83.04951029248453,149.00516039737886,86.56527378688273,144.4664217102799,-170.25171919115266,-99.90893031920827,61.63837588773382,-102.34508947200283,-90.3878218692389,-182.57221078553073,-165.9157210533849,172.9430503711131,71.37975541332713,153.84009127982102,148.08603445721954,0.17779493460539086,-9.151773174328826,-135.4075499368522,-37.437127540844315,-44.751894093136755,-82.97537945587206,168.3019111787588,104.14744734174745,-32.12877331619281,-44.749647513741394,26.45922671793901,-85.64486817436536],[39.924913655788565,168.50241708560168,102.45091267092579,42.7893707252653,-63.58490171350255,-49.14363178846464,93.09410334586721,58.699309996945324,-8.363483202966293,-166.8209478792214,-37.6368716014996,126.5028916109601,29.030034054369303,147.56525420610603,116.78891106365148,89.37138118259868,-99.06891436835134,19.757803262334363,136.37612108588834,-102.79062447589594,-137.12142493348156,-182.5446414723424,-148.05344180442273,-24.903976556068443,-141.72344452283855,86.53625994179,53.1193203376263,80.31717587491212,-4.5846373654088834,49.14360437962708,-136.77870350785608,159.46423743289571,161.9707169989858,26.62946251295488,-2.3647461375781775,194.32513071391605,-83.83862740447472,-140.37433396329288,190.77837205871663,103.12176924804821,61.59348035440355],[26.821246609622396,-36.00744936592086,-145.6271253894995,167.43277190891624,-168.02798997499673,-29.391239852340888,-10.18144519835218,-170.02936820884787,-155.18009996251365,73.11716374308173,115.21116116568062,-101.05290111554649,-21.17758013870108,-199.7990165879803,-40.10919905555348,-135.70074996381985,-13.777489165880397,-134.5245250738421,-20.378190320258184,-105.19838976693754,-198.23678706123127,10.12890408226279,-87.00596814024762,-8.380583209880466,-48.911422233098676,152.15663590400717,-46.97338047880082,-38.81831419706623,89.99787303631814,39.48364973636052,-60.44159682456001,181.49583350029687,93.38173821782672,-28.279287038261746,-184.11501460917626,-187.93592949221232,-87.47130604737268,51.5314359701025,-125.30676143927273,-161.81611337045862,64.93862186746728],[198.00559638196603,183.56058405826633,162.97582222895142,60.733589166640286,-158.24987749231656,-3.5949004203418733,154.33107282348902,-83.50078519711153,-5.490972433770791,-6.857603374115651,191.21740810290285,22.899977936790794,-107.25974796864915,-176.56566081639116,147.0041103165167,190.0133827303799,95.33080834430909,-26.023158435754578,-7.651245173032728,134.6487342068017,9.962531528103824,16.50859255512347,-56.35993990533707,17.05888756534688,-53.76681592045618,-17.10125553915569,-95.50825452321814,-113.70594053028697,-138.894640427572,128.34012915025744,70.67960969922567,-115.48700544331504,-158.69191932919748,142.14243095608293,22.00323539048967,-160.00507054329788,-33.10668779880444,-5.190427817271814,137.51480424928042,174.71824534742254,131.2846828090108],[70.9681713062206,76.71232142398354,-25.387088594726293,-85.24709547845382,-77.17661177891344,117.6874769632692,-191.55018684941265,102.35736223957859,118.70776023217427,137.37132955828022,171.4261725117762,120.25786598835566,74.7426403248916,130.36017875403138,39.56581096125231,143.34028315364603,184.59179780133655,-11.499595533093032,-198.84065362759947,164.54516818210467,-173.41032112744952,107.76294474632112,144.3393603802724,23.602745498225232,57.29797181715411,-37.891993653102276,178.2088536660434,-95.39662335488863,-119.86237164550914,-106.36669506385171,115.31036174574822,-144.5206063314259,128.56582853480697,197.80589195157052,-74.95906202339195,-26.795834607299774,-189.74159091249354,17.039691220483768,87.8489785973299,172.32731820555992,156.09061495450035],[78.365384043647,-83.50626490951463,153.63695592992607,-12.23065639385883,-0.677271882904118,-154.05778628777352,185.8359090228961,34.78665657293658,101.80705145089641,